City,State,Avg Land Price (rupees_per_sqft)
Mumbai,Maharashtra,25000
New Delhi,Delhi NCR,22000
Dwarka,Delhi NCR,15000
Chandigarh,Chandigarh UT,14500
Bengaluru,Karnataka,13000
Gurugram,Haryana,12500
Hyderabad,Telangana,9800
Noida,Uttar Pradesh,8500
Chennai,Tamil Nadu,7800
Panaji,Goa,7500
Faridabad,Haryana,7500
Ludhiana,Punjab,6300
Mohali,Punjab,6000
Kochi,Kerala,5900
Visakhapatnam,Andhra Pradesh,5600
Ahmedabad,Gujarat,5600
Lucknow,Uttar Pradesh,5400
Kolkata,West Bengal,5200
Thiruvananthapuram,Kerala,5200
Jaipur,Rajasthan,4900
Mysuru,Karnataka,4800
Dehradun,Uttarakhand,4300
Indore,Madhya Pradesh,4200
Bhopal,Madhya Pradesh,4200
Coimbatore,Tamil Nadu,4200
Patna,Bihar,4100
Surat,Gujarat,4100
Vadodara,Gujarat,3900
Bhubaneswar,Odisha,3900
Agra,Uttar Pradesh,3800
Varanasi,Uttar Pradesh,3800
Jammu,Jammu & Kashmir,3500
Srinagar,Jammu & Kashmir,3500
Ranchi,Jharkhand,3400
Jamshedpur,Jharkhand,3400
Warangal,Telangana,3200
Shimla,Himachal Pradesh,3200
Raipur,Chhattisgarh,3100
Bhilai,Chhattisgarh,3100
Guwahati,Assam,2900
Siliguri,West Bengal,2800
Puducherry,Puducherry UT,2700
Nashik,Maharashtra,2500
Nagpur,Maharashtra,2500
Shillong,Meghalaya,2200
Agartala,Tripura,1800
Leh,Ladakh UT,1700
Imphal,Manipur,1600
Itanagar,Arunachal Pradesh,1500
Kohima,Nagaland,1500
Aizawl,Mizoram,1400
